PLZ;Sprache
1000;FR
1002;FR
1003;FR
1004;FR
1005;FR
1006;FR
1007;FR
1008;FR
1009;FR
1010;FR
1011;FR
1012;FR
1015;FR
1018;FR
1020;FR
1022;FR
1023;FR
1024;FR
1025;FR
1026;FR
1027;FR
1028;FR
1029;FR
1030;FR
1031;FR
1032;FR
1033;FR
1034;FR
1035;FR
1036;FR
1037;FR
1038;FR
1040;FR
1041;FR
1042;FR
1043;FR
1044;FR
1045;FR
1046;FR
1047;FR
1052;FR
1053;FR
1054;FR
1055;FR
1058;FR
1059;FR
1061;FR
1062;FR
1063;FR
1066;FR
1068;FR
1070;FR
1071;FR
1072;FR
1073;FR
1076;FR
1077;FR
1078;FR
1080;FR
1081;FR
1082;FR
1083;FR
1084;FR
1085;FR
1088;FR
1090;FR
1091;FR
1092;FR
1093;FR
1094;FR
1095;FR
1096;FR
1097;FR
1098;FR
1110;FR
1112;FR
1113;FR
1114;FR
1115;FR
1116;FR
1117;FR
1121;FR
1122;FR
1123;FR
1124;FR
1125;FR
1126;FR
1127;FR
1128;FR
1131;FR
1132;FR
1134;FR
1135;FR
1136;FR
1141;FR
1142;FR
1143;FR
1144;FR
1145;FR
1146;FR
1147;FR
1148;FR
1149;FR
1162;FR
1163;FR
1164;FR
1165;FR
1166;FR
1167;FR
1168;FR
1169;FR
1170;FR
1172;FR
1173;FR
1174;FR
1175;FR
1176;FR
1180;FR
1182;FR
1183;FR
1184;FR
1185;FR
1186;FR
1187;FR
1188;FR
1189;FR
1195;FR
1196;FR
1197;FR
1200;FR
1201;FR
1202;FR
1203;FR
1204;FR
1205;FR
1206;FR
1207;FR
1208;FR
1209;FR
1212;FR
1213;FR
1214;FR
1215;FR
1216;FR
1217;FR
1218;FR
1219;FR
1220;FR
1222;FR
1223;FR
1224;FR
1225;FR
1226;FR
1227;FR
1228;FR
1231;FR
1232;FR
1233;FR
1234;FR
1236;FR
1237;FR
1239;FR
1241;FR
1242;FR
1243;FR
1244;FR
1245;FR
1246;FR
1247;FR
1248;FR
1251;FR
1252;FR
1253;FR
1254;FR
1255;FR
1256;FR
1257;FR
1258;FR
1260;FR
1261;FR
1262;FR
1263;FR
1264;FR
1265;FR
1266;FR
1267;FR
1268;FR
1269;FR
1270;FR
1271;FR
1272;FR
1273;FR
1274;FR
1275;FR
1276;FR
1277;FR
1278;FR
1279;FR
1281;FR
1283;FR
1284;FR
1285;FR
1286;FR
1287;FR
1288;FR
1290;FR
1291;FR
1292;FR
1293;FR
1294;FR
1295;FR
1296;FR
1297;FR
1298;FR
1299;FR
1302;FR
1303;FR
1304;FR
1305;FR
1306;FR
1307;FR
1308;FR
1312;FR
1313;FR
1315;FR
1316;FR
1317;FR
1318;FR
1321;FR
1322;FR
1323;FR
1324;FR
1325;FR
1326;FR
1329;FR
1337;FR
1338;FR
1341;FR
1342;FR
1343;FR
1344;FR
1345;FR
1346;FR
1347;FR
1348;FR
1350;FR
1352;FR
1353;FR
1354;FR
1355;FR
1356;FR
1357;FR
1358;FR
1372;FR
1373;FR
1374;FR
1375;FR
1376;FR
1377;FR
1400;FR
1404;FR
1405;FR
1406;FR
1407;FR
1408;FR
1409;FR
1410;FR
1412;FR
1413;FR
1415;FR
1416;FR
1417;FR
1418;FR
1420;FR
1421;FR
1422;FR
1423;FR
1424;FR
1425;FR
1426;FR
1427;FR
1428;FR
1429;FR
1430;FR
1431;FR
1432;FR
1433;FR
1434;FR
1435;FR
1436;FR
1437;FR
1438;FR
1439;FR
1441;FR
1442;FR
1443;FR
1445;FR
1446;FR
1450;FR
1452;FR
1453;FR
1454;FR
1462;FR
1463;FR
1464;FR
1468;FR
1470;FR
1473;FR
1474;FR
1475;FR
1482;FR
1483;FR
1484;FR
1485;FR
1486;FR
1489;FR
1509;FR
1510;FR
1512;FR
1513;FR
1514;FR
1515;FR
1521;FR
1522;FR
1523;FR
1524;FR
1525;FR
1526;FR
1527;FR
1528;FR
1529;FR
1530;FR
1532;FR
1533;FR
1534;FR
1535;FR
1536;FR
1537;FR
1538;FR
1541;FR
1542;FR
1543;FR
1544;FR
1545;FR
1551;FR
1552;FR
1553;FR
1554;FR
1555;FR
1562;FR
1563;FR
1564;FR
1565;FR
1566;FR
1567;FR
1568;FR
1580;FR
1582;FR
1583;FR
1584;FR
1585;FR
1586;FR
1587;FR
1588;FR
1589;FR
1595;FR
1607;FR
1608;FR
1609;FR
1610;FR
1611;FR
1612;FR
1613;FR
1614;FR
1615;FR
1616;FR
1617;FR
1618;FR
1619;FR
1623;FR
1624;FR
1625;FR
1626;FR
1627;FR
1628;FR
1630;FR
1632;FR
1633;FR
1634;FR
1635;FR
1636;FR
1637;FR
1638;FR
1642;FR
1643;FR
1644;FR
1645;FR
1646;FR
1647;FR
1648;FR
1649;FR
1651;FR
1652;FR
1653;DE,FR
1654;DE,FR
1656;DE,FR
1656;FR
1657;FR
1658;FR
1659;FR
1660;FR
1661;FR
1663;FR
1665;FR
1666;FR
1667;FR
1669;FR
1670;FR
1673;FR
1674;FR
1675;FR
1676;FR
1677;FR
1678;FR
1679;FR
1680;FR
1681;FR
1682;FR
1683;FR
1684;FR
1685;FR
1686;FR
1687;FR
1688;FR
1689;FR
1690;FR
1691;FR
1692;FR
1694;FR
1695;FR
1696;FR
1697;FR
1699;FR
1700;FR
1708;FR
1712;DE
1713;DE
1714;DE
1715;DE
1716;DE
1717;DE
1718;DE
1719;DE
1720;DE,FR
1720;FR
1721;DE,FR
1722;DE,FR
1723;DE,FR
1723;FR
1724;FR
1725;DE,FR
1726;FR
1727;FR
1728;FR
1730;FR
1731;DE,FR
1732;FR
1733;FR
1734;DE
1735;DE
1736;DE
1737;DE
1738;FR
1740;FR
1741;FR
1742;FR
1744;FR
1745;FR
1746;FR
1747;FR
1748;FR
1749;FR
1752;DE,FR
1753;FR
1754;DE,FR
1754;FR
1756;FR
1757;FR
1762;DE,FR
1763;DE,FR
1772;FR
1773;FR
1774;FR
1775;FR
1776;FR
1782;FR
1782;DE,FR
1783;DE,FR
1784;DE,FR
1785;DE,FR
1786;DE,FR
1787;DE,FR
1787;FR
1788;DE,FR
1789;DE,FR
1791;DE,FR
1792;DE
1793;DE
1794;DE
1795;DE
1796;DE,FR
1797;DE
1800;FR
1801;FR
1802;FR
1803;FR
1804;FR
1805;FR
1806;FR
1807;FR
1808;FR
1809;FR
1814;FR
1815;FR
1816;FR
1817;FR
1820;FR
1822;FR
1823;FR
1824;FR
1832;FR
1833;FR
1844;FR
1845;FR
1846;FR
1847;FR
1852;FR
1853;FR
1854;FR
1856;FR
1860;FR
1862;FR
1863;FR
1864;FR
1865;FR
1866;FR
1867;FR
1868;FR
1869;FR
1870;FR
1871;FR
1872;FR
1873;FR
1874;FR
1875;FR
1880;FR
1882;FR
1884;FR
1885;FR
1890;FR
1891;FR
1892;FR
1893;FR
1895;FR
1896;FR
1897;FR
1898;FR
1899;FR
1902;FR
1903;FR
1904;FR
1905;FR
1906;FR
1907;FR
1908;FR
1911;FR
1912;FR
1913;FR
1914;FR
1918;FR
1920;FR
1921;FR
1922;FR
1923;FR
1925;FR
1926;FR
1927;FR
1928;FR
1929;FR
1932;FR
1933;FR
1934;FR
1936;FR
1937;FR
1938;FR
1941;FR
1942;FR
1943;FR
1944;FR
1945;FR
1946;FR
1947;FR
1948;FR
1950;FR
1951;FR
1955;FR
1957;FR
1958;FR
1961;FR
1962;FR
1963;FR
1964;FR
1965;FR
1966;FR
1967;FR
1968;FR
1969;FR
1971;FR
1972;FR
1973;FR
1974;FR
1975;FR
1976;FR
1977;FR
1978;FR
1981;FR
1982;FR
1983;FR
1984;FR
1985;FR
1986;FR
1987;FR
1988;FR
1991;FR
1992;FR
1993;FR
1994;FR
1996;FR
1997;FR
2000;FR
2012;FR
2013;FR
2014;FR
2015;FR
2016;FR
2017;FR
2019;FR
2022;FR
2023;FR
2024;FR
2025;FR
2027;FR
2028;FR
2034;FR
2035;FR
2036;FR
2037;FR
2042;FR
2043;FR
2046;FR
2052;FR
2053;FR
2054;FR
2056;FR
2057;FR
2058;FR
2063;FR
2065;FR
2067;FR
2068;FR
2072;FR
2073;FR
2074;FR
2075;FR
2087;FR
2088;FR
2103;FR
2105;FR
2108;FR
2112;FR
2113;FR
2114;FR
2115;FR
2116;FR
2117;FR
2123;FR
2124;FR
2126;FR
2127;FR
2149;FR
2206;FR
2207;FR
2208;FR
2300;FR
2314;FR
2316;FR
2318;FR
2322;FR
2325;FR
2333;FR
2336;FR
2338;FR
2340;FR
2345;FR
2350;FR
2353;FR
2354;FR
2360;FR
2362;FR
2363;FR
2364;FR
2400;FR
2405;FR
2406;FR
2414;FR
2416;FR
2500;DE,FR
2502;DE,FR
2503;DE,FR
2504;DE,FR
2505;DE,FR
2512;DE
2513;DE
2514;DE
2515;DE,FR
2516;DE,FR
2517;FR
2518;FR
2520;DE,FR
2523;FR
2525;FR
2532;DE,FR
2533;DE,FR
2534;DE,FR
2535;DE,FR
2536;DE,FR
2537;DE,FR
2538;DE,FR
2540;DE
2542;DE
2543;DE
2544;DE
2545;DE
2552;DE
2553;DE
2554;DE
2555;DE
2556;DE
2557;DE
2558;DE
2560;DE
2562;DE
2563;DE
2564;DE
2565;DE
2572;DE
2575;DE
2576;DE
2577;DE
2603;FR
2604;FR
2605;FR
2606;FR
2607;FR
2608;FR
2610;FR
2612;FR
2613;FR
2615;FR
2616;FR
2710;FR
2712;FR
2713;FR
2714;FR
2715;FR
2716;FR
2717;FR
2718;FR
2720;FR
2722;FR
2723;FR
2732;FR
2733;FR
2735;FR
2736;FR
2738;FR
2740;FR
2742;FR
2743;FR
2744;FR
2745;FR
2746;FR
2747;FR
2748;FR
2762;FR
2800;FR
2802;FR
2803;FR
2805;FR
2806;FR
2807;FR
2812;FR
2813;FR
2814;DE
2822;FR
2823;FR
2824;FR
2825;FR
2826;FR
2827;FR
2828;FR
2829;FR
2830;FR
2832;FR
2842;FR
2843;FR
2852;FR
2853;FR
2854;FR
2855;FR
2856;FR
2857;FR
2863;FR
2864;FR
2873;FR
2874;FR
2875;FR
2877;FR
2882;FR
2883;FR
2884;FR
2885;FR
2886;FR
2887;FR
2888;FR
2889;FR
2900;FR
2902;FR
2903;FR
2904;FR
2905;FR
2906;FR
2907;FR
2908;FR
2912;FR
2914;FR
2915;FR
2916;FR
2922;FR
2923;FR
2924;FR
2925;FR
2926;FR
2932;FR
2933;FR
2935;FR
2942;FR
2943;FR
2944;FR
2946;FR
2947;FR
2950;FR
2952;FR
2953;FR
2954;FR
3000;DE
3004;DE
3005;DE
3006;DE
3007;DE
3008;DE
3010;DE
3011;DE
3012;DE
3013;DE
3014;DE
3015;DE
3018;DE
3019;DE
3020;DE
3027;DE
3032;DE
3033;DE
3034;DE
3035;DE
3036;DE
3037;DE
3038;DE
3042;DE
3043;DE
3044;DE
3045;DE
3046;DE
3047;DE
3048;DE
3049;DE
3052;DE
3053;DE
3054;DE
3063;DE
3065;DE
3066;DE
3067;DE
3068;DE
3072;DE
3073;DE
3074;DE
3075;DE
3076;DE
3077;DE
3078;DE
3082;DE
3083;DE
3084;DE
3086;DE
3087;DE
3088;DE
3089;DE
3095;DE
3096;DE
3097;DE
3098;DE
3099;DE
3110;DE
3111;DE
3112;DE
3113;DE
3114;DE
3115;DE
3116;DE
3122;DE
3123;DE
3124;DE
3125;DE
3126;DE
3127;DE
3128;DE
3132;DE
3144;DE
3145;DE
3147;DE
3148;DE
3150;DE
3152;DE
3153;DE
3154;DE
3155;DE
3156;DE
3157;DE
3158;DE
3159;DE
3172;DE
3173;DE
3174;DE
3175;DE
3176;DE
3177;DE
3178;DE
3179;DE
3182;DE
3183;DE
3184;DE
3185;DE
3186;DE
3202;DE
3203;DE
3204;DE
3205;DE
3206;DE
3207;DE
3208;DE
3210;DE
3212;DE
3213;DE
3214;DE
3215;DE
3216;DE
3225;DE
3226;DE
3232;DE
3233;DE
3234;DE
3235;DE
3236;DE
3237;DE
3238;DE
3250;DE
3251;DE
3252;DE
3253;DE
3254;DE
3255;DE
3256;DE
3257;DE
3262;DE
3263;DE
3264;DE
3266;DE
3267;DE
3268;DE
3270;DE
3271;DE
3272;DE
3273;DE
3274;DE
3280;DE
3280;DE,FR
3282;DE
3283;DE
3284;DE
3285;DE
3286;DE
3292;DE
3293;DE
3294;DE
3295;DE
3296;DE
3297;DE
3298;DE
3302;DE
3303;DE
3305;DE
3306;DE
3307;DE
3308;DE
3309;DE
3312;DE
3313;DE
3314;DE
3315;DE
3317;DE
3321;DE
3322;DE
3323;DE
3324;DE
3325;DE
3326;DE
3360;DE
3362;DE
3363;DE
3365;DE
3366;DE
3367;DE
3368;DE
3372;DE
3373;DE
3374;DE
3375;DE
3376;DE
3377;DE
3380;DE
3400;DE
3412;DE
3413;DE
3414;DE
3415;DE
3416;DE
3417;DE
3418;DE
3419;DE
3421;DE
3422;DE
3423;DE
3424;DE
3425;DE
3426;DE
3427;DE
3428;DE
3429;DE
3432;DE
3433;DE
3434;DE
3435;DE
3436;DE
3437;DE
3438;DE
3439;DE
3452;DE
3453;DE
3454;DE
3455;DE
3456;DE
3457;DE
3462;DE
3463;DE
3464;DE
3465;DE
3472;DE
3473;DE
3474;DE
3475;DE
3476;DE
3503;DE
3504;DE
3506;DE
3507;DE
3508;DE
3510;DE
3512;DE
3513;DE
3531;DE
3532;DE
3533;DE
3534;DE
3535;DE
3536;DE
3537;DE
3538;DE
3543;DE
3550;DE
3551;DE
3552;DE
3553;DE
3555;DE
3556;DE
3557;DE
3600;DE
3601;DE
3603;DE
3604;DE
3608;DE
3612;DE
3613;DE
3614;DE
3615;DE
3616;DE
3617;DE
3618;DE
3619;DE
3622;DE
3623;DE
3624;DE
3625;DE
3626;DE
3627;DE
3628;DE
3629;DE
3631;DE
3632;DE
3633;DE
3634;DE
3635;DE
3636;DE
3638;DE
3645;DE
3646;DE
3647;DE
3652;DE
3653;DE
3654;DE
3655;DE
3656;DE
3657;DE
3658;DE
3661;DE
3662;DE
3663;DE
3664;DE
3665;DE
3671;DE
3672;DE
3673;DE
3674;DE
3700;DE
3702;DE
3703;DE
3704;DE
3705;DE
3706;DE
3707;DE
3711;DE
3713;DE
3714;DE
3715;DE
3716;DE
3717;DE
3718;DE
3722;DE
3723;DE
3724;DE
3725;DE
3752;DE
3753;DE
3754;DE
3755;DE
3756;DE
3757;DE
3758;DE
3762;DE
3763;DE
3764;DE
3765;DE
3766;DE
3770;DE
3771;DE
3772;DE
3773;DE
3775;DE
3776;DE
3777;DE
3778;DE
3780;DE
3781;DE
3782;DE
3783;DE
3784;DE
3785;DE
3792;DE
3800;DE
3801;DE
3803;DE
3804;DE
3805;DE
3806;DE
3807;DE
3812;DE
3813;DE
3814;DE
3815;DE
3816;DE
3818;DE
3822;DE
3823;DE
3824;DE
3825;DE
3826;DE
3852;DE
3853;DE
3854;DE
3855;DE
3856;DE
3857;DE
3858;DE
3860;DE
3862;DE
3863;DE
3864;DE
3900;DE
3901;DE
3902;DE
3903;DE
3904;DE
3905;DE
3906;DE
3907;DE
3908;DE
3910;DE
3911;DE
3912;DE
3913;DE
3914;DE
3916;DE
3917;DE
3918;DE
3919;DE
3920;DE
3922;DE
3923;DE
3924;DE
3925;DE
3926;DE
3927;DE
3928;DE
3929;DE
3930;DE
3931;DE
3932;DE
3933;DE
3934;DE
3935;DE
3937;DE
3938;DE
3939;DE
3940;DE
3942;DE
3943;DE
3944;DE
3945;DE
3946;DE
3947;DE
3948;DE
3949;DE
3951;DE
3952;DE
3953;DE
3954;DE
3955;DE
3956;DE
3957;DE
3960;DE
3961;DE
3963;DE
3965;DE
3966;DE
3967;DE
3968;DE
3970;DE
3971;DE
3972;DE
3973;DE
3974;DE
3975;DE
3976;DE
3977;DE
3978;DE
3979;DE
3982;DE
3983;DE
3984;DE
3985;DE
3986;DE
3987;DE
3988;DE
3989;DE
3991;DE
3992;DE
3993;DE
3994;DE
3995;DE
3996;DE
3997;DE
3998;DE
3999;DE
4000;DE
4001;DE
4002;DE
4005;DE
4031;DE
4051;DE
4052;DE
4053;DE
4054;DE
4055;DE
4056;DE
4057;DE
4058;DE
4059;DE
4101;DE
4102;DE
4103;DE
4104;DE
4105;DE
4106;DE
4107;DE
4108;DE
4112;DE
4114;DE
4115;DE
4116;DE
4117;DE
4118;DE
4123;DE
4124;DE
4125;DE
4126;DE
4127;DE
4132;DE
4133;DE
4142;DE
4143;DE
4144;DE
4145;DE
4146;DE
4147;DE
4148;DE
4153;DE
4202;DE
4203;DE
4204;DE
4206;DE
4207;DE
4208;DE
4222;DE
4223;DE
4224;DE
4225;DE
4226;DE
4227;DE
4228;DE
4229;DE
4232;DE
4233;DE
4234;DE
4242;DE
4243;DE
4244;DE
4245;DE
4246;DE
4247;DE
4252;DE
4253;DE
4254;DE
4302;DE
4303;DE
4304;DE
4305;DE
4310;DE
4312;DE
4313;DE
4314;DE
4315;DE
4316;DE
4317;DE
4322;DE
4323;DE
4324;DE
4325;DE
4332;DE
4333;DE
4334;DE
4402;DE
4410;DE
4411;DE
4412;DE
4413;DE
4414;DE
4415;DE
4416;DE
4417;DE
4418;DE
4419;DE
4421;DE
4422;DE
4423;DE
4424;DE
4425;DE
4426;DE
4431;DE
4432;DE
4433;DE
4434;DE
4435;DE
4436;DE
4437;DE
4438;DE
4441;DE
4442;DE
4443;DE
4444;DE
4445;DE
4446;DE
4447;DE
4448;DE
4450;DE
4451;DE
4452;DE
4453;DE
4455;DE
4456;DE
4457;DE
4458;DE
4460;DE
4461;DE
4462;DE
4463;DE
4464;DE
4465;DE
4466;DE
4467;DE
4468;DE
4469;DE
4492;DE
4493;DE
4494;DE
4495;DE
4496;DE
4497;DE
4500;DE
4512;DE
4513;DE
4514;DE
4515;DE
4522;DE
4523;DE
4524;DE
4525;DE
4528;DE
4532;DE
4533;DE
4534;DE
4535;DE
4536;DE
4537;DE
4538;DE
4539;DE
4542;DE
4543;DE
4552;DE
4553;DE
4554;DE
4556;DE
4557;DE
4558;DE
4562;DE
4563;DE
4564;DE
4565;DE
4566;DE
4571;DE
4573;DE
4574;DE
4576;DE
4577;DE
4578;DE
4579;DE
4581;DE
4582;DE
4583;DE
4584;DE
4585;DE
4586;DE
4587;DE
4588;DE
4600;DE
4612;DE
4613;DE
4614;DE
4615;DE
4616;DE
4617;DE
4618;DE
4622;DE
4623;DE
4624;DE
4625;DE
4626;DE
4628;DE
4629;DE
4632;DE
4633;DE
4634;DE
4652;DE
4653;DE
4654;DE
4655;DE
4656;DE
4657;DE
4658;DE
4663;DE
4665;DE
4702;DE
4703;DE
4704;DE
4710;DE
4712;DE
4713;DE
4714;DE
4715;DE
4716;DE
4717;DE
4718;DE
4719;DE
4800;DE
4802;DE
4803;DE
4805;DE
4806;DE
4812;DE
4813;DE
4814;DE
4852;DE
4853;DE
4856;DE
4900;DE
4911;DE
4912;DE
4913;DE
4914;DE
4915;DE
4916;DE
4917;DE
4919;DE
4922;DE
4923;DE
4924;DE
4932;DE
4933;DE
4934;DE
4935;DE
4936;DE
4937;DE
4938;DE
4942;DE
4943;DE
4944;DE
4950;DE
4952;DE
4953;DE
4954;DE
4955;DE
5000;DE
5004;DE
5012;DE
5013;DE
5014;DE
5015;DE
5017;DE
5018;DE
5022;DE
5023;DE
5024;DE
5025;DE
5026;DE
5027;DE
5028;DE
5032;DE
5033;DE
5034;DE
5035;DE
5036;DE
5037;DE
5040;DE
5042;DE
5043;DE
5044;DE
5046;DE
5053;DE
5054;DE
5056;DE
5057;DE
5058;DE
5062;DE
5063;DE
5064;DE
5070;DE
5072;DE
5073;DE
5074;DE
5075;DE
5076;DE
5077;DE
5078;DE
5079;DE
5080;DE
5082;DE
5083;DE
5084;DE
5085;DE
5102;DE
5103;DE
5105;DE
5106;DE
5107;DE
5108;DE
5112;DE
5113;DE
5116;DE
5200;DE
5210;DE
5212;DE
5213;DE
5222;DE
5223;DE
5224;DE
5225;DE
5233;DE
5234;DE
5235;DE
5236;DE
5237;DE
5242;DE
5243;DE
5244;DE
5245;DE
5246;DE
5272;DE
5273;DE
5274;DE
5275;DE
5276;DE
5277;DE
5300;DE
5301;DE
5303;DE
5304;DE
5305;DE
5306;DE
5312;DE
5313;DE
5314;DE
5315;DE
5316;DE
5317;DE
5318;DE
5322;DE
5323;DE
5324;DE
5325;DE
5326;DE
5330;DE
5332;DE
5333;DE
5334;DE
5400;DE
5404;DE
5405;DE
5406;DE
5408;DE
5412;DE
5413;DE
5415;DE
5416;DE
5417;DE
5420;DE
5423;DE
5425;DE
5426;DE
5430;DE
5432;DE
5436;DE
5442;DE
5443;DE
5444;DE
5445;DE
5452;DE
5453;DE
5454;DE
5462;DE
5463;DE
5464;DE
5465;DE
5466;DE
5467;DE
5502;DE
5503;DE
5504;DE
5505;DE
5506;DE
5507;DE
5512;DE
5522;DE
5524;DE
5525;DE
5600;DE
5603;DE
5604;DE
5605;DE
5606;DE
5607;DE
5608;DE
5610;DE
5611;DE
5612;DE
5613;DE
5614;DE
5615;DE
5616;DE
5617;DE
5618;DE
5619;DE
5620;DE
5621;DE
5622;DE
5623;DE
5624;DE
5625;DE
5626;DE
5627;DE
5628;DE
5630;DE
5632;DE
5634;DE
5636;DE
5637;DE
5642;DE
5643;DE
5644;DE
5645;DE
5646;DE
5647;DE
5702;DE
5703;DE
5704;DE
5705;DE
5706;DE
5707;DE
5708;DE
5712;DE
5722;DE
5723;DE
5724;DE
5725;DE
5726;DE
5727;DE
5728;DE
5732;DE
5733;DE
5734;DE
5735;DE
5736;DE
5737;DE
5742;DE
5745;DE
5746;DE
6000;DE
6002;DE
6003;DE
6004;DE
6005;DE
6006;DE
6010;DE
6012;DE
6013;DE
6014;DE
6015;DE
6016;DE
6017;DE
6018;DE
6019;DE
6020;DE
6022;DE
6023;DE
6024;DE
6025;DE
6026;DE
6027;DE
6028;DE
6030;DE
6032;DE
6033;DE
6034;DE
6035;DE
6036;DE
6037;DE
6038;DE
6039;DE
6042;DE
6043;DE
6044;DE
6045;DE
6047;DE
6048;DE
6052;DE
6053;DE
6055;DE
6056;DE
6060;DE
6062;DE
6063;DE
6064;DE
6066;DE
6067;DE
6068;DE
6072;DE
6073;DE
6074;DE
6078;DE
6083;DE
6084;DE
6085;DE
6086;DE
6102;DE
6103;DE
6105;DE
6106;DE
6110;DE
6112;DE
6113;DE
6114;DE
6122;DE
6123;DE
6125;DE
6126;DE
6130;DE
6132;DE
6133;DE
6142;DE
6143;DE
6144;DE
6145;DE
6146;DE
6147;DE
6152;DE
6153;DE
6154;DE
6156;DE
6160;DE
6162;DE
6163;DE
6166;DE
6167;DE
6170;DE
6173;DE
6174;DE
6182;DE
6192;DE
6196;DE
6197;DE
6203;DE
6204;DE
6205;DE
6206;DE
6207;DE
6208;DE
6210;DE
6211;DE
6212;DE
6213;DE
6214;DE
6215;DE
6216;DE
6217;DE
6218;DE
6221;DE
6222;DE
6231;DE
6232;DE
6233;DE
6234;DE
6235;DE
6236;DE
6242;DE
6243;DE
6244;DE
6245;DE
6246;DE
6247;DE
6248;DE
6252;DE
6253;DE
6260;DE
6262;DE
6263;DE
6264;DE
6265;DE
6274;DE
6275;DE
6276;DE
6277;DE
6280;DE
6283;DE
6284;DE
6285;DE
6286;DE
6287;DE
6288;DE
6289;DE
6294;DE
6295;DE
6300;DE
6304;DE
6312;DE
6313;DE
6314;DE
6315;DE
6317;DE
6318;DE
6319;DE
6330;DE
6331;DE
6332;DE
6333;DE
6340;DE
6343;DE
6344;DE
6345;DE
6353;DE
6354;DE
6356;DE
6362;DE
6363;DE
6365;DE
6370;DE
6372;DE
6373;DE
6374;DE
6375;DE
6376;DE
6377;DE
6382;DE
6383;DE
6386;DE
6387;DE
6388;DE
6390;DE
6402;DE
6403;DE
6404;DE
6405;DE
6410;DE
6414;DE
6415;DE
6416;DE
6417;DE
6418;DE
6422;DE
6423;DE
6424;DE
6430;DE
6432;DE
6433;DE
6434;DE
6436;DE
6438;DE
6440;DE
6441;DE
6442;DE
6443;DE
6452;DE
6454;DE
6460;DE
6461;DE
6462;DE
6463;DE
6464;DE
6465;DE
6466;DE
6467;DE
6468;DE
6469;DE
6472;DE
6473;DE
6474;DE
6475;DE
6476;DE
6482;DE
6484;DE
6485;DE
6487;DE
6490;DE
6491;DE
6493;DE
6500;IT
6503;IT
6505;IT
6512;IT
6513;IT
6514;IT
6515;IT
6516;IT
6517;IT
6518;IT
6523;IT
6524;IT
6525;IT
6526;IT
6527;IT
6528;IT
6532;IT
6533;IT
6534;DE
6535;DE
6537;DE
6538;DE
6540;DE
6541;DE
6542;DE
6543;DE
6544;DE
6545;DE
6546;DE
6547;DE
6548;DE
6549;DE
6556;DE
6557;DE
6558;DE
6562;DE
6563;DE
6565;DE
6571;IT
6572;IT
6573;IT
6574;IT
6575;IT
6576;IT
6577;IT
6578;IT
6579;IT
6582;IT
6583;IT
6584;IT
6592;IT
6593;IT
6594;IT
6595;IT
6596;IT
6597;IT
6598;IT
6599;IT
6600;IT
6605;IT
6611;IT
6612;IT
6613;IT
6614;IT
6616;IT
6618;IT
6622;IT
6631;IT
6632;IT
6633;IT
6634;IT
6635;IT
6636;IT
6637;IT
6644;IT
6645;IT
6646;IT
6647;IT
6648;IT
6652;IT
6653;IT
6654;IT
6655;IT
6656;IT
6657;IT
6658;IT
6659;IT
6661;IT
6662;IT
6663;IT
6664;IT
6670;IT
6672;IT
6673;IT
6674;IT
6675;IT
6676;IT
6677;IT
6678;IT
6682;IT
6683;IT
6684;IT
6685;IT
6690;IT
6692;IT
6693;IT
6694;IT
6695;IT
6696;IT
6702;IT
6703;IT
6705;IT
6707;IT
6710;IT
6713;IT
6714;IT
6715;IT
6716;IT
6717;IT
6718;IT
6719;IT
6720;IT
6721;IT
6722;IT
6723;IT
6724;IT
6742;IT
6743;IT
6744;IT
6745;IT
6746;IT
6747;IT
6748;IT
6749;IT
6760;IT
6763;IT
6764;IT
6772;IT
6773;IT
6774;IT
6775;IT
6776;IT
6777;IT
6780;IT
6781;IT
6802;IT
6803;IT
6804;IT
6805;IT
6806;IT
6807;IT
6808;IT
6809;IT
6810;IT
6814;IT
6815;IT
6816;IT
6817;IT
6818;IT
6821;IT
6822;IT
6823;IT
6825;IT
6826;IT
6827;IT
6828;IT
6830;IT
6832;IT
6833;IT
6834;IT
6835;IT
6837;IT
6838;IT
6839;IT
6850;IT
6852;IT
6853;IT
6854;IT
6855;IT
6862;IT
6863;IT
6864;IT
6865;IT
6866;IT
6867;IT
6872;IT
6873;IT
6874;IT
6875;IT
6877;IT
6883;IT
6900;IT
6911;IT
6912;IT
6913;IT
6914;IT
6915;IT
6916;IT
6917;IT
6918;IT
6919;IT
6921;IT
6922;IT
6924;IT
6925;IT
6926;IT
6927;IT
6928;IT
6929;IT
6930;IT
6932;IT
6933;IT
6934;IT
6935;IT
6936;IT
6937;IT
6938;IT
6939;IT
6942;IT
6943;IT
6944;IT
6945;IT
6946;IT
6947;IT
6948;IT
6949;IT
6950;IT
6951;IT
6952;IT
6953;IT
6954;IT
6955;IT
6956;IT
6957;IT
6958;IT
6959;IT
6962;IT
6963;IT
6964;IT
6965;IT
6966;IT
6967;IT
6968;IT
6974;IT
6976;IT
6977;IT
6978;IT
6979;IT
6980;IT
6981;IT
6982;IT
6983;IT
6984;IT
6986;IT
6987;IT
6988;IT
6989;IT
6990;IT
6991;IT
6992;IT
6993;IT
6994;IT
6995;IT
6996;IT
6997;IT
6998;IT
6999;IT
7000;DE
7002;DE
7012;DE
7013;DE
7014;DE
7015;DE
7016;DE
7017;DE
7018;DE
7019;DE
7023;DE
7026;DE
7027;DE
7028;DE
7029;DE
7031;DE
7032;DE
7050;DE
7056;DE
7057;DE
7058;DE
7062;DE
7063;DE
7064;DE
7074;DE
7075;DE
7076;DE
7077;DE
7078;DE
7082;DE
7083;DE
7084;DE
7104;DE
7106;DE
7107;DE
7109;DE
7110;DE
7111;DE
7112;DE
7113;DE
7114;DE
7115;DE
7116;DE
7122;DE
7126;DE
7127;DE
7128;DE
7130;DE
7132;DE
7133;DE
7134;DE
7135;DE
7136;DE
7137;DE
7138;DE
7141;DE
7142;DE
7143;DE
7144;DE
7145;DE
7146;DE
7147;DE
7148;DE
7149;DE
7151;DE
7152;DE
7153;DE
7154;DE
7155;DE
7156;DE
7157;DE
7158;DE
7159;DE
7162;DE
7163;DE
7164;DE
7165;DE
7166;DE
7167;DE
7168;DE
7172;DE
7173;DE
7174;DE
7175;DE
7176;DE
7180;DE
7182;DE
7183;DE
7184;DE
7185;DE
7186;DE
7187;DE
7188;DE
7189;DE
7201;DE
7202;DE
7203;DE
7204;DE
7205;DE
7206;DE
7208;DE
7212;DE
7213;DE
7214;DE
7215;DE
7220;DE
7222;DE
7223;DE
7224;DE
7226;DE
7228;DE
7231;DE
7232;DE
7233;DE
7235;DE
7240;DE
7241;DE
7242;DE
7243;DE
7244;DE
7245;DE
7246;DE
7247;DE
7249;DE
7250;DE
7252;DE
7260;DE
7265;DE
7270;DE
7272;DE
7276;DE
7277;DE
7278;DE
7302;DE
7303;DE
7304;DE
7306;DE
7307;DE
7310;DE
7312;DE
7313;DE
7314;DE
7315;DE
7317;DE
7320;DE
7323;DE
7324;DE
7325;DE
7326;DE
7402;DE
7403;DE
7404;DE
7405;DE
7407;DE
7408;DE
7411;DE
7412;DE
7413;DE
7414;DE
7415;DE
7416;DE
7417;DE
7418;DE
7419;DE
7421;DE
7422;DE
7423;DE
7424;DE
7425;DE
7426;DE
7427;DE
7428;DE
7430;DE
7431;DE
7432;DE
7433;DE
7434;DE
7435;DE
7436;DE
7437;DE
7438;DE
7440;DE
7442;DE
7443;DE
7444;DE
7445;DE
7446;DE
7447;DE
7448;DE
7450;DE
7451;DE
7452;DE
7453;DE
7454;DE
7455;DE
7456;DE
7457;DE
7458;DE
7459;DE
7460;DE
7462;DE
7463;DE
7464;DE
7472;DE
7473;DE
7477;DE
7482;DE
7484;DE
7492;DE
7493;DE
7494;DE
7500;DE
7502;DE
7503;DE
7504;DE
7505;DE
7512;DE
7513;DE
7514;DE
7515;DE
7516;DE
7517;DE
7522;DE
7523;DE
7524;DE
7525;DE
7526;DE
7527;DE
7530;DE
7532;DE
7533;DE
7534;DE
7535;DE
7536;DE
7537;DE
7542;DE
7543;DE
7545;DE
7546;DE
7550;DE
7551;DE
7552;DE
7553;DE
7554;DE
7556;DE
7557;DE
7558;DE
7559;DE
7560;DE
7562;DE
7563;DE
7602;IT
7603;IT
7604;IT
7605;IT
7606;IT
7608;IT
7610;IT
7710;IT
7741;IT
7742;IT
7743;IT
7744;IT
7745;IT
7746;IT
7747;IT
7748;IT
8000;DE
8001;DE
8002;DE
8003;DE
8004;DE
8005;DE
8006;DE
8008;DE
8032;DE
8037;DE
8038;DE
8041;DE
8044;DE
8045;DE
8046;DE
8047;DE
8048;DE
8049;DE
8050;DE
8051;DE
8052;DE
8053;DE
8055;DE
8057;DE
8063;DE
8064;DE
8066;DE
8099;DE
8102;DE
8103;DE
8104;DE
8105;DE
8106;DE
8107;DE
8108;DE
8109;DE
8112;DE
8113;DE
8114;DE
8115;DE
8117;DE
8118;DE
8121;DE
8122;DE
8123;DE
8124;DE
8125;DE
8126;DE
8127;DE
8132;DE
8133;DE
8134;DE
8135;DE
8136;DE
8142;DE
8143;DE
8152;DE
8153;DE
8154;DE
8155;DE
8156;DE
8157;DE
8158;DE
8162;DE
8164;DE
8165;DE
8166;DE
8172;DE
8173;DE
8174;DE
8175;DE
8180;DE
8181;DE
8182;DE
8184;DE
8185;DE
8187;DE
8192;DE
8193;DE
8194;DE
8195;DE
8196;DE
8197;DE
8200;DE
8201;DE
8203;DE
8207;DE
8208;DE
8212;DE
8213;DE
8214;DE
8215;DE
8216;DE
8217;DE
8218;DE
8219;DE
8222;DE
8223;DE
8224;DE
8225;DE
8226;DE
8228;DE
8231;DE
8232;DE
8233;DE
8234;DE
8235;DE
8236;DE
8238;DE
8239;DE
8240;DE
8241;DE
8242;DE
8243;DE
8245;DE
8246;DE
8247;DE
8248;DE
8252;DE
8253;DE
8254;DE
8255;DE
8259;DE
8260;DE
8261;DE
8262;DE
8263;DE
8264;DE
8265;DE
8266;DE
8267;DE
8268;DE
8269;DE
8272;DE
8273;DE
8274;DE
8280;DE
8302;DE
8303;DE
8304;DE
8305;DE
8306;DE
8307;DE
8308;DE
8309;DE
8310;DE
8311;DE
8312;DE
8314;DE
8315;DE
8317;DE
8320;DE
8322;DE
8330;DE
8331;DE
8332;DE
8335;DE
8340;DE
8342;DE
8344;DE
8345;DE
8352;DE
8353;DE
8354;DE
8355;DE
8356;DE
8357;DE
8360;DE
8362;DE
8363;DE
8370;DE
8372;DE
8374;DE
8376;DE
8400;DE
8404;DE
8405;DE
8406;DE
8408;DE
8409;DE
8412;DE
8413;DE
8414;DE
8415;DE
8416;DE
8418;DE
8421;DE
8422;DE
8424;DE
8425;DE
8426;DE
8427;DE
8428;DE
8442;DE
8444;DE
8447;DE
8450;DE
8451;DE
8452;DE
8453;DE
8454;DE
8455;DE
8457;DE
8458;DE
8459;DE
8460;DE
8461;DE
8462;DE
8463;DE
8464;DE
8465;DE
8466;DE
8467;DE
8468;DE
8471;DE
8472;DE
8474;DE
8475;DE
8476;DE
8477;DE
8478;DE
8479;DE
8482;DE
8483;DE
8484;DE
8486;DE
8487;DE
8488;DE
8489;DE
8492;DE
8493;DE
8494;DE
8495;DE
8496;DE
8497;DE
8498;DE
8499;DE
8500;DE
8505;DE
8506;DE
8507;DE
8508;DE
8512;DE
8514;DE
8522;DE
8523;DE
8524;DE
8525;DE
8526;DE
8532;DE
8535;DE
8536;DE
8537;DE
8542;DE
8543;DE
8544;DE
8545;DE
8546;DE
8547;DE
8548;DE
8552;DE
8553;DE
8554;DE
8555;DE
8556;DE
8558;DE
8560;DE
8561;DE
8564;DE
8565;DE
8566;DE
8570;DE
8572;DE
8573;DE
8574;DE
8575;DE
8576;DE
8577;DE
8580;DE
8581;DE
8582;DE
8583;DE
8584;DE
8585;DE
8586;DE
8587;DE
8588;DE
8589;DE
8590;DE
8592;DE
8593;DE
8594;DE
8595;DE
8596;DE
8597;DE
8598;DE
8599;DE
8600;DE
8601;DE
8602;DE
8603;DE
8604;DE
8605;DE
8606;DE
8607;DE
8608;DE
8610;DE
8614;DE
8615;DE
8616;DE
8617;DE
8618;DE
8620;DE
8623;DE
8624;DE
8625;DE
8626;DE
8627;DE
8630;DE
8632;DE
8633;DE
8634;DE
8635;DE
8636;DE
8637;DE
8638;DE
8639;DE
8640;DE
8645;DE
8646;DE
8700;DE
8702;DE
8703;DE
8704;DE
8706;DE
8707;DE
8708;DE
8712;DE
8713;DE
8714;DE
8715;DE
8716;DE
8717;DE
8718;DE
8722;DE
8723;DE
8725;DE
8726;DE
8727;DE
8730;DE
8732;DE
8733;DE
8734;DE
8735;DE
8737;DE
8738;DE
8739;DE
8750;DE
8751;DE
8752;DE
8753;DE
8754;DE
8755;DE
8756;DE
8757;DE
8758;DE
8762;DE
8765;DE
8766;DE
8767;DE
8772;DE
8773;DE
8774;DE
8775;DE
8777;DE
8782;DE
8783;DE
8784;DE
8800;DE
8802;DE
8803;DE
8804;DE
8805;DE
8806;DE
8807;DE
8808;DE
8810;DE
8815;DE
8816;DE
8820;DE
8824;DE
8825;DE
8832;DE
8833;DE
8834;DE
8835;DE
8836;DE
8840;DE
8841;DE
8842;DE
8843;DE
8844;DE
8845;DE
8846;DE
8847;DE
8849;DE
8852;DE
8853;DE
8854;DE
8855;DE
8856;DE
8857;DE
8858;DE
8862;DE
8863;DE
8864;DE
8865;DE
8866;DE
8867;DE
8868;DE
8872;DE
8873;DE
8874;DE
8877;DE
8878;DE
8880;DE
8881;DE
8882;DE
8883;DE
8884;DE
8885;DE
8886;DE
8887;DE
8888;DE
8889;DE
8890;DE
8892;DE
8893;DE
8894;DE
8895;DE
8896;DE
8897;DE
8898;DE
8902;DE
8903;DE
8904;DE
8905;DE
8906;DE
8907;DE
8908;DE
8909;DE
8910;DE
8911;DE
8912;DE
8913;DE
8914;DE
8915;DE
8916;DE
8917;DE
8918;DE
8919;DE
8925;DE
8926;DE
8932;DE
8933;DE
8934;DE
8942;DE
8951;DE
8952;DE
8953;DE
8954;DE
8955;DE
8956;DE
8957;DE
8962;DE
8964;DE
8965;DE
8966;DE
8967;DE
9000;DE
9007;DE
9008;DE
9010;DE
9011;DE
9012;DE
9014;DE
9015;DE
9016;DE
9030;DE
9032;DE
9033;DE
9034;DE
9035;DE
9036;DE
9037;DE
9038;DE
9042;DE
9043;DE
9044;DE
9050;DE
9052;DE
9053;DE
9054;DE
9055;DE
9056;DE
9057;DE
9058;DE
9062;DE
9063;DE
9064;DE
9100;DE
9103;DE
9104;DE
9105;DE
9107;DE
9108;DE
9112;DE
9113;DE
9114;DE
9115;DE
9116;DE
9122;DE
9123;DE
9125;DE
9126;DE
9127;DE
9200;DE
9203;DE
9204;DE
9205;DE
9212;DE
9213;DE
9214;DE
9215;DE
9216;DE
9217;DE
9220;DE
9223;DE
9225;DE
9230;DE
9231;DE
9240;DE
9242;DE
9243;DE
9244;DE
9245;DE
9246;DE
9247;DE
9248;DE
9249;DE
9300;DE
9304;DE
9305;DE
9306;DE
9308;DE
9312;DE
9313;DE
9314;DE
9315;DE
9320;DE
9322;DE
9323;DE
9325;DE
9326;DE
9327;DE
9400;DE
9402;DE
9403;DE
9404;DE
9405;DE
9410;DE
9411;DE
9413;DE
9414;DE
9422;DE
9423;DE
9424;DE
9425;DE
9426;DE
9427;DE
9428;DE
9430;DE
9434;DE
9435;DE
9436;DE
9437;DE
9442;DE
9443;DE
9444;DE
9445;DE
9450;DE
9451;DE
9452;DE
9453;DE
9462;DE
9463;DE
9464;DE
9465;DE
9466;DE
9467;DE
9468;DE
9469;DE
9470;DE
9472;DE
9473;DE
9475;DE
9476;DE
9477;DE
9478;DE
9479;DE
9485;DE
9486;DE
9487;DE
9488;DE
9490;DE
9491;DE
9492;DE
9493;DE
9494;DE
9495;DE
9496;DE
9497;DE
9498;DE
9500;DE
9502;DE
9503;DE
9504;DE
9506;DE
9507;DE
9508;DE
9512;DE
9514;DE
9515;DE
9517;DE
9523;DE
9524;DE
9525;DE
9526;DE
9527;DE
9532;DE
9533;DE
9534;DE
9535;DE
9536;DE
9542;DE
9543;DE
9545;DE
9546;DE
9547;DE
9548;DE
9552;DE
9553;DE
9554;DE
9555;DE
9556;DE
9562;DE
9565;DE
9573;DE
9601;DE
9602;DE
9604;DE
9606;DE
9607;DE
9608;DE
9612;DE
9613;DE
9614;DE
9615;DE
9620;DE
9621;DE
9622;DE
9630;DE
9631;DE
9633;DE
9642;DE
9643;DE
9650;DE
9651;DE
9652;DE
9655;DE
9656;DE
9657;DE
9658;DE
